-- phpMyAdmin SQL Dump
-- version 5.2.1
-- https://www.phpmyadmin.net/
--
-- Servidor: 127.0.0.1
-- Tiempo de generación: 02-02-2024 a las 07:12:56
-- Versión del servidor: 10.4.32-MariaDB
-- Versión de PHP: 8.2.12

SET SQL_MODE = "NO_AUTO_VALUE_ON_ZERO";
START TRANSACTION;
SET time_zone = "+00:00";


/*!40101 SET @OLD_CHARACTER_SET_CLIENT=@@CHARACTER_SET_CLIENT */;
/*!40101 SET @OLD_CHARACTER_SET_RESULTS=@@CHARACTER_SET_RESULTS */;
/*!40101 SET @OLD_COLLATION_CONNECTION=@@COLLATION_CONNECTION */;
/*!40101 SET NAMES utf8mb4 */;

--
-- Base de datos: `bdd_pymes`
--

-- --------------------------------------------------------

--
-- Estructura de tabla para la tabla `tbl_categorias`
--

CREATE TABLE `tbl_categorias` (
  `CAT_ID` int(11) NOT NULL,
  `CAT_NOMBRE` varchar(50) NOT NULL,
  `CAT_DETALLE` varchar(25) NOT NULL,
  `CAT_ESTADO` int(1) NOT NULL DEFAULT 1
) ENGINE=InnoDB DEFAULT CHARSET=utf8 COLLATE=utf8_general_ci;

--
-- Volcado de datos para la tabla `tbl_categorias`
--

INSERT INTO `tbl_categorias` (`CAT_ID`, `CAT_NOMBRE`, `CAT_DETALLE`, `CAT_ESTADO`) VALUES
(1, 'Lacteos', '', 1),
(2, 'Embutidos', '', 1),
(3, 'Carnicos', '', 1),
(4, 'Congelados', '', 1),
(5, 'Verduras', '', 1);

-- --------------------------------------------------------

--
-- Estructura de tabla para la tabla `tbl_empleados`
--

CREATE TABLE `tbl_empleados` (
  `EMP_ID` int(11) NOT NULL,
  `EMP_NOMBRE` varchar(50) NOT NULL,
  `EMP_APELLIDO` varchar(50) NOT NULL,
  `EMP_CEDULA` varchar(30) NOT NULL,
  `EMP_FECHA_NACIMIENTO` date NOT NULL,
  `EMP_FECHA_INGRESO` date NOT NULL,
  `EMP_ESTADO` int(1) NOT NULL DEFAULT 1
) ENGINE=InnoDB DEFAULT CHARSET=utf8 COLLATE=utf8_general_ci;

--
-- Volcado de datos para la tabla `tbl_empleados`
--

INSERT INTO `tbl_empleados` (`EMP_ID`, `EMP_NOMBRE`, `EMP_APELLIDO`, `EMP_CEDULA`, `EMP_FECHA_NACIMIENTO`, `EMP_FECHA_INGRESO`, `EMP_ESTADO`) VALUES
(1, 'Pedro ', 'Navas', '1002003001', '1975-01-04', '2020-06-17', 0),
(2, 'Lucia', 'Lopez', '1002003002', '1984-07-09', '2023-09-12', 1),
(3, 'Lucas', 'Estarda', '1002003003', '1980-09-15', '2023-02-06', 1),
(4, 'Juan', 'Amador', '1002003004', '1994-02-17', '2022-08-22', 1),
(5, 'Ramiro', 'Pinpineda', '1002003005', '1989-07-17', '2021-08-19', 0),
(6, 'Roberto', 'Carvajal', '1002003006', '1986-07-14', '2022-03-16', 1),
(7, 'Tania', 'Cueva', '1002003007', '1992-08-19', '2021-03-16', 1),
(8, 'Rebeca', 'Pazmiño', '1002003008', '2000-03-03', '2023-01-02', 1),
(9, 'Esteban ', 'Lara', '1002003009', '1982-12-17', '2017-11-08', 0),
(10, 'Silvia', 'Cuello', '1002003010', '1974-10-02', '2020-09-07', 1),
(11, 'Luis', 'Chavez', '1002003011', '1999-04-25', '2020-06-01', 1);

-- --------------------------------------------------------

--
-- Estructura de tabla para la tabla `tbl_productos`
--

CREATE TABLE `tbl_productos` (
  `PROD_ID` int(11) NOT NULL,
  `PROD_NOMBRE` varchar(50) NOT NULL,
  `PROD_CODIGO` varchar(100) NOT NULL,
  `CAT_ID` int(11) NOT NULL,
  `PROV_ID` int(11) NOT NULL,
  `PROD_ESTADO` int(1) NOT NULL DEFAULT 1
) ENGINE=InnoDB DEFAULT CHARSET=utf8 COLLATE=utf8_general_ci;

--
-- Volcado de datos para la tabla `tbl_productos`
--

INSERT INTO `tbl_productos` (`PROD_ID`, `PROD_NOMBRE`, `PROD_CODIGO`, `CAT_ID`, `PROV_ID`, `PROD_ESTADO`) VALUES
(1, 'Leche entera Milk', 'PU89754E', 1, 1, 1),
(2, 'Yogur', 'UY95445W', 1, 1, 1),
(3, 'Salchichas Parrilleras', 'PYT67845', 2, 2, 1),
(4, 'Chuletas precocidas', 'UY5675R', 3, 2, 1),
(5, 'Filete ahumado', 'UY675T0O', 3, 2, 1),
(6, 'Pulpa de mora', 'POI878U', 4, 3, 1),
(7, 'Helados de Taxo ', 'OI7656I', 4, 3, 1),
(8, 'Tomate de riñon', 'IU767Y8767', 5, 3, 1),
(9, 'Tomate cherry', 'OI878UIH', 5, 3, 1),
(10, 'Queso chedar', 'IOU878YU', 1, 3, 1);

-- --------------------------------------------------------

--
-- Estructura de tabla para la tabla `tbl_proveedor`
--

CREATE TABLE `tbl_proveedor` (
  `PROV_ID` int(11) NOT NULL,
  `PROV_NOMBRE` varchar(100) NOT NULL,
  `PROV_RUC` varchar(15) NOT NULL,
  `PROV_DIRECCION` varchar(200) NOT NULL,
  `PROV_ESTADO` int(1) NOT NULL DEFAULT 1
) ENGINE=InnoDB DEFAULT CHARSET=utf8 COLLATE=utf8_general_ci;

--
-- Volcado de datos para la tabla `tbl_proveedor`
--

INSERT INTO `tbl_proveedor` (`PROV_ID`, `PROV_NOMBRE`, `PROV_RUC`, `PROV_DIRECCION`, `PROV_ESTADO`) VALUES
(1, 'Lactios saludables S.A.', '0985247815001', 'Los Galeanos Y periférico Sur', 1),
(2, 'Embutidos Sr. Pig S.A.', '100568429001', 'Av. América y Av. Aurelio Espinoza', 1),
(3, 'Andino del Norte S.A.', '0989257814001', 'Av. Guzman Rudea y Av. Bolivar', 1),
(4, 'prueba', '1003628235001', 'prueba', 1);

-- --------------------------------------------------------

--
-- Estructura de tabla para la tabla `tbl_ventas`
--

CREATE TABLE `tbl_ventas` (
  `VENT_ID` int(11) NOT NULL,
  `EMP_ID` int(11) NOT NULL,
  `VENT_PRECIO_VENDIDO` double NOT NULL,
  `VENT_FECHA_VENTA` date DEFAULT NULL,
  `VENT_ESTADO` int(1) NOT NULL DEFAULT 1
) ENGINE=MyISAM DEFAULT CHARSET=utf8 COLLATE=utf8_general_ci;

--
-- Volcado de datos para la tabla `tbl_ventas`
--

INSERT INTO `tbl_ventas` (`VENT_ID`, `EMP_ID`, `VENT_PRECIO_VENDIDO`, `VENT_FECHA_VENTA`, `VENT_ESTADO`) VALUES
(1, 1, 470, '2024-01-09', 1),
(2, 2, 398, '2023-12-20', 1),
(3, 9, 330, '2024-01-06', 1),
(4, 6, 422, '2024-01-06', 1),
(5, 9, 388, '2024-01-09', 1),
(6, 9, 343, '2024-01-12', 1),
(7, 5, 364, '2024-01-03', 1),
(8, 4, 311, '2024-01-01', 1),
(9, 1, 335, '2024-01-07', 1),
(10, 2, 416, '2024-01-06', 1),
(11, 11, 312, '2024-01-15', 1),
(12, 11, 377, '2024-01-12', 1),
(13, 5, 441, '2024-01-02', 1),
(14, 7, 426, '2024-01-14', 1),
(15, 7, 364, '2024-01-06', 1),
(16, 2, 352, '2024-01-03', 1),
(17, 1, 360, '2024-01-13', 1),
(18, 11, 421, '2024-01-10', 1),
(19, 6, 392, '2024-01-04', 1),
(20, 8, 445, '2024-01-02', 1),
(21, 7, 371, '2024-01-13', 1),
(22, 10, 388, '2024-01-11', 1),
(23, 11, 422, '2024-01-12', 1),
(24, 3, 342, '2024-01-09', 1),
(25, 4, 341, '2024-01-12', 1),
(26, 6, 358, '2024-01-10', 1),
(27, 10, 418, '2024-01-08', 1),
(28, 1, 302, '2024-01-03', 1),
(29, 9, 402, '2024-01-15', 1),
(30, 9, 355, '2024-01-14', 1),
(31, 1, 317, '2024-01-08', 1),
(32, 6, 330, '2024-01-10', 1),
(33, 5, 319, '2024-01-13', 1),
(34, 3, 312, '2024-01-01', 1),
(35, 4, 386, '2024-01-12', 1),
(36, 9, 329, '2024-01-04', 1),
(37, 7, 303, '2024-01-01', 1),
(38, 11, 381, '2024-01-06', 1),
(39, 3, 338, '2024-01-15', 1),
(40, 6, 391, '2024-01-10', 1),
(41, 11, 322, '2024-01-09', 1),
(42, 2, 375, '2024-01-10', 1),
(43, 4, 326, '2024-01-03', 1),
(44, 6, 420, '2024-01-05', 1),
(45, 11, 374, '2024-01-13', 1),
(46, 7, 403, '2024-01-01', 1),
(47, 3, 389, '2024-01-07', 1),
(48, 11, 313, '2024-01-05', 1),
(49, 2, 300, '2024-01-08', 1),
(50, 7, 308, '2024-01-10', 1),
(51, 5, 376, '2024-01-09', 1),
(52, 10, 352, '2024-01-13', 1),
(53, 5, 402, '2024-01-02', 1),
(54, 11, 357, '2024-01-14', 1),
(55, 6, 433, '2024-01-11', 1),
(56, 8, 325, '2024-01-10', 1),
(57, 9, 329, '2024-01-14', 1),
(58, 4, 349, '2024-01-09', 1),
(59, 8, 411, '2024-01-11', 1),
(60, 6, 319, '2024-01-14', 1),
(61, 8, 369, '2024-01-02', 1),
(62, 10, 385, '2024-01-03', 1),
(63, 4, 377, '2024-01-15', 1),
(64, 2, 306, '2024-01-04', 1),
(65, 7, 350, '2024-01-11', 1),
(66, 11, 353, '2024-01-03', 1),
(67, 7, 315, '2024-01-05', 1),
(68, 6, 345, '2024-01-09', 1),
(69, 7, 369, '2024-01-09', 1),
(70, 7, 421, '2024-01-07', 1),
(71, 8, 404, '2024-01-13', 1),
(72, 9, 419, '2024-01-14', 1),
(73, 9, 379, '2024-01-03', 1),
(74, 4, 352, '2024-01-15', 1),
(75, 8, 445, '2024-01-12', 1),
(76, 11, 404, '2024-01-03', 1),
(77, 6, 311, '2024-01-10', 1),
(78, 2, 413, '2024-01-13', 1),
(79, 6, 374, '2024-01-06', 1),
(80, 10, 435, '2024-01-12', 1),
(81, 11, 367, '2024-01-14', 1),
(82, 8, 359, '2024-01-06', 1),
(83, 1, 313, '2024-01-07', 1),
(84, 4, 383, '2024-01-04', 1),
(85, 4, 327, '2024-01-06', 1),
(86, 7, 363, '2024-01-06', 1),
(87, 4, 406, '2024-01-13', 1),
(88, 1, 369, '2024-01-01', 1),
(89, 1, 428, '2024-01-01', 1),
(90, 5, 419, '2024-01-02', 1),
(91, 4, 335, '2024-01-08', 1),
(92, 9, 355, '2024-01-12', 1),
(93, 10, 397, '2024-01-05', 1),
(94, 6, 364, '2024-01-06', 1),
(95, 5, 369, '2024-01-04', 1),
(96, 4, 381, '2024-01-01', 1),
(97, 7, 387, '2024-01-13', 1),
(98, 8, 418, '2024-01-02', 1),
(99, 3, 334, '2024-01-15', 1),
(100, 10, 301, '2024-01-04', 1),
(101, 1, 352, '2024-01-09', 1),
(102, 7, 344, '2024-01-14', 1),
(103, 7, 439, '2024-01-09', 1),
(104, 1, 342, '2024-01-11', 1),
(105, 5, 328, '2024-01-13', 1),
(106, 11, 433, '2024-01-06', 1),
(107, 2, 340, '2024-01-14', 1),
(108, 4, 438, '2024-01-02', 1),
(109, 5, 351, '2024-01-09', 1),
(110, 7, 375, '2024-01-15', 1),
(111, 2, 367, '2024-01-10', 1),
(112, 4, 442, '2024-01-06', 1),
(113, 3, 414, '2024-01-15', 1),
(114, 10, 340, '2024-01-08', 1),
(115, 7, 400, '2024-01-02', 1),
(116, 3, 320, '2024-01-14', 1),
(117, 10, 363, '2024-01-15', 1),
(118, 3, 363, '2024-01-03', 1),
(119, 10, 321, '2024-01-02', 1),
(120, 6, 323, '2024-01-02', 1),
(121, 1, 303, '2024-01-01', 1),
(122, 2, 399, '2024-01-07', 1),
(123, 11, 342, '2024-01-15', 1),
(124, 11, 312, '2024-01-02', 1),
(125, 8, 392, '2024-01-05', 1),
(126, 7, 441, '2024-01-06', 1),
(127, 10, 402, '2024-01-03', 1),
(128, 7, 356, '2024-01-11', 1),
(129, 11, 383, '2024-01-13', 1),
(130, 5, 450, '2024-01-01', 1),
(131, 2, 334, '2024-01-15', 1),
(132, 10, 434, '2024-01-08', 1),
(133, 8, 391, '2024-01-14', 1),
(134, 10, 402, '2024-01-10', 1),
(135, 11, 435, '2024-01-15', 1),
(136, 4, 414, '2024-01-08', 1),
(137, 1, 349, '2024-01-11', 1),
(138, 1, 347, '2024-01-03', 1),
(139, 8, 402, '2024-01-10', 1),
(140, 1, 327, '2024-01-11', 1),
(141, 6, 352, '2024-01-10', 1),
(142, 3, 319, '2024-01-09', 1),
(143, 4, 314, '2024-01-05', 1),
(144, 4, 321, '2024-01-14', 1),
(145, 11, 317, '2024-01-13', 1),
(146, 7, 426, '2024-01-15', 1),
(147, 10, 429, '2024-01-13', 1),
(148, 11, 418, '2024-01-10', 1),
(149, 7, 363, '2024-01-02', 1),
(150, 5, 399, '2024-01-02', 1),
(151, 2, 419, '2024-01-12', 1),
(152, 8, 396, '2024-01-10', 1),
(153, 7, 366, '2024-01-03', 1),
(154, 3, 324, '2024-01-02', 1),
(155, 11, 344, '2024-01-13', 1),
(156, 6, 323, '2024-01-13', 1),
(157, 7, 335, '2024-01-03', 1),
(158, 1, 330, '2024-01-12', 1),
(159, 9, 441, '2024-01-11', 1),
(160, 11, 391, '2024-01-06', 1),
(161, 9, 423, '2024-01-14', 1),
(162, 1, 445, '2024-01-01', 1),
(163, 8, 359, '2024-01-08', 1),
(164, 2, 422, '2024-01-12', 1),
(165, 1, 430, '2024-01-06', 1),
(166, 8, 425, '2024-01-03', 1),
(167, 3, 372, '2024-01-11', 1),
(168, 7, 354, '2024-01-08', 1),
(169, 9, 315, '2024-01-09', 1),
(170, 9, 418, '2024-01-12', 1),
(171, 4, 344, '2024-01-04', 1),
(172, 5, 410, '2024-01-06', 1),
(173, 7, 366, '2024-01-14', 1),
(174, 3, 398, '2024-01-13', 1),
(175, 7, 351, '2024-01-08', 1),
(176, 5, 390, '2024-01-11', 1),
(177, 7, 346, '2024-01-12', 1),
(178, 10, 409, '2024-01-08', 1),
(179, 4, 353, '2024-01-12', 1),
(180, 6, 407, '2024-01-09', 1),
(181, 10, 378, '2024-01-04', 1),
(182, 8, 446, '2024-01-11', 1),
(183, 7, 335, '2024-01-11', 1),
(184, 9, 306, '2024-01-10', 1),
(185, 1, 405, '2024-01-14', 1),
(186, 10, 302, '2024-01-09', 1),
(187, 1, 435, '2024-01-02', 1),
(188, 5, 446, '2024-01-11', 1),
(189, 4, 312, '2024-01-08', 1),
(190, 5, 391, '2024-01-02', 1),
(191, 10, 359, '2024-01-06', 1),
(192, 2, 318, '2024-01-12', 1),
(193, 10, 402, '2024-01-11', 1),
(194, 9, 304, '2024-01-15', 1),
(195, 4, 364, '2024-01-09', 1),
(196, 5, 400, '2024-01-14', 1),
(197, 4, 408, '2024-01-03', 1),
(198, 8, 324, '2024-01-10', 1),
(199, 1, 386, '2024-01-14', 1),
(200, 9, 427, '2024-01-15', 1),
(201, 11, 416, '2024-01-15', 1),
(202, 4, 372, '2024-01-01', 1),
(203, 3, 301, '2024-01-08', 1),
(204, 2, 400, '2024-01-12', 1),
(205, 8, 375, '2024-01-05', 1),
(206, 4, 401, '2024-01-01', 1),
(207, 10, 394, '2024-01-09', 1),
(208, 3, 329, '2024-01-04', 1),
(209, 6, 368, '2024-01-02', 1),
(210, 5, 430, '2024-01-10', 1),
(211, 11, 335, '2024-01-09', 1),
(212, 4, 376, '2024-01-06', 1),
(213, 3, 366, '2024-01-09', 1),
(214, 2, 389, '2024-01-13', 1),
(215, 11, 318, '2024-01-12', 1),
(216, 2, 439, '2024-01-07', 1),
(217, 2, 302, '2024-01-13', 1),
(218, 8, 357, '2024-01-05', 1),
(219, 2, 414, '2024-01-07', 1),
(220, 3, 446, '2024-01-04', 1),
(221, 9, 352, '2024-01-08', 1),
(222, 2, 409, '2024-01-12', 1),
(223, 2, 301, '2024-01-11', 1),
(224, 11, 433, '2024-01-14', 1),
(225, 5, 448, '2024-01-13', 1),
(226, 7, 322, '2024-01-01', 1),
(227, 3, 428, '2024-01-09', 1),
(228, 11, 301, '2024-01-04', 1),
(229, 8, 420, '2024-01-05', 1),
(230, 6, 354, '2024-01-14', 1),
(231, 4, 318, '2024-01-05', 1),
(232, 2, 340, '2024-01-10', 1),
(233, 3, 378, '2024-01-12', 1),
(234, 5, 364, '2024-01-06', 1),
(235, 5, 434, '2024-01-02', 1),
(236, 4, 428, '2024-01-11', 1),
(237, 10, 407, '2024-01-07', 1),
(238, 6, 334, '2024-01-14', 1),
(239, 1, 433, '2024-01-04', 1),
(240, 5, 345, '2024-01-07', 1),
(241, 1, 334, '2024-01-06', 1),
(242, 1, 335, '2024-01-05', 1),
(243, 5, 408, '2024-01-15', 1),
(244, 7, 329, '2024-01-09', 1),
(245, 3, 410, '2024-01-13', 1),
(246, 10, 374, '2024-01-09', 1),
(247, 6, 411, '2024-01-04', 1),
(248, 10, 380, '2024-01-09', 1),
(249, 8, 384, '2024-01-10', 1),
(250, 3, 433, '2024-01-04', 1),
(251, 11, 315, '2024-01-15', 1),
(252, 11, 423, '2024-01-13', 1),
(253, 10, 373, '2024-01-12', 1),
(254, 2, 436, '2024-01-14', 1),
(255, 9, 374, '2024-01-12', 1),
(256, 2, 300, '2024-01-06', 1),
(257, 7, 392, '2024-01-08', 1),
(258, 7, 344, '2024-01-05', 1),
(259, 8, 446, '2024-01-11', 1),
(260, 10, 447, '2024-01-10', 1),
(261, 6, 428, '2024-01-10', 1),
(262, 8, 315, '2024-01-07', 1),
(263, 2, 426, '2024-01-04', 1),
(264, 5, 418, '2024-01-05', 1),
(265, 10, 394, '2024-01-08', 1),
(266, 3, 359, '2024-01-14', 1),
(267, 8, 401, '2024-01-06', 1),
(268, 3, 434, '2024-01-10', 1),
(269, 8, 407, '2024-01-06', 1),
(270, 1, 343, '2024-01-15', 1),
(271, 3, 320, '2024-01-01', 1),
(272, 5, 311, '2024-01-04', 1),
(273, 9, 394, '2024-01-06', 1),
(274, 2, 411, '2024-01-11', 1),
(275, 11, 415, '2024-01-07', 1),
(276, 8, 376, '2024-01-06', 1),
(277, 7, 395, '2024-01-09', 1),
(278, 3, 398, '2024-01-04', 1),
(279, 5, 391, '2024-01-04', 1),
(280, 3, 394, '2024-01-05', 1),
(281, 11, 412, '2024-01-03', 1),
(282, 8, 394, '2024-01-06', 1),
(283, 7, 316, '2024-01-13', 1),
(284, 3, 385, '2024-01-07', 1),
(285, 9, 424, '2024-01-02', 1),
(286, 4, 418, '2024-01-04', 1),
(287, 11, 322, '2024-01-10', 1),
(288, 10, 341, '2024-01-04', 1),
(289, 4, 365, '2024-01-11', 1),
(290, 11, 402, '2024-01-09', 1),
(291, 4, 413, '2024-01-11', 1),
(292, 9, 413, '2024-01-04', 1),
(293, 10, 429, '2024-01-04', 1),
(294, 11, 348, '2024-01-05', 1),
(295, 4, 406, '2024-01-03', 1),
(296, 2, 338, '2024-01-07', 1),
(297, 1, 313, '2024-01-05', 1),
(298, 11, 387, '2024-01-11', 1),
(299, 2, 397, '2024-01-07', 1),
(300, 7, 433, '2024-01-13', 1),
(301, 5, 364, '2024-01-15', 1),
(302, 6, 311, '2024-01-05', 1),
(303, 11, 302, '2024-01-11', 1),
(304, 6, 444, '2024-01-12', 1),
(305, 11, 412, '2024-01-07', 1),
(306, 3, 338, '2024-01-11', 1),
(307, 4, 307, '2024-01-06', 1),
(308, 1, 414, '2024-01-10', 1),
(309, 2, 334, '2024-01-11', 1),
(310, 6, 370, '2024-01-04', 1),
(311, 9, 420, '2024-01-09', 1),
(312, 2, 429, '2024-01-05', 1),
(313, 9, 324, '2024-01-04', 1),
(314, 6, 414, '2024-01-11', 1),
(315, 9, 316, '2024-01-08', 1),
(316, 11, 450, '2024-01-09', 1),
(317, 4, 346, '2024-01-01', 1),
(318, 4, 306, '2024-01-13', 1),
(319, 4, 389, '2024-01-10', 1),
(320, 8, 357, '2024-01-02', 1),
(321, 9, 371, '2024-01-03', 1),
(322, 1, 384, '2024-01-12', 1),
(323, 2, 400, '2024-01-02', 1),
(324, 5, 435, '2024-01-02', 1),
(325, 8, 348, '2024-01-13', 1),
(326, 1, 392, '2024-01-15', 1),
(327, 8, 402, '2024-01-02', 1),
(328, 4, 344, '2024-01-15', 1),
(329, 11, 434, '2024-01-14', 1),
(330, 7, 410, '2024-01-05', 1),
(331, 8, 364, '2024-01-10', 1),
(332, 10, 338, '2024-01-08', 1),
(333, 9, 347, '2024-01-07', 1),
(334, 1, 346, '2024-01-10', 1),
(335, 10, 398, '2024-01-02', 1),
(336, 1, 389, '2024-01-13', 1),
(337, 1, 377, '2024-01-08', 1),
(338, 5, 329, '2024-01-04', 1),
(339, 2, 395, '2024-01-04', 1),
(340, 6, 440, '2024-01-04', 1),
(341, 2, 402, '2024-01-14', 1),
(342, 11, 334, '2024-01-06', 1),
(343, 6, 305, '2024-01-03', 1),
(344, 8, 330, '2024-01-03', 1),
(345, 9, 361, '2024-01-03', 1),
(346, 4, 370, '2024-01-15', 1),
(347, 4, 440, '2024-01-15', 1),
(348, 11, 304, '2024-01-10', 1),
(349, 8, 324, '2024-01-09', 1),
(350, 7, 339, '2024-01-14', 1),
(351, 6, 442, '2024-01-13', 1),
(352, 11, 428, '2024-01-15', 1),
(353, 10, 310, '2024-01-06', 1),
(354, 1, 301, '2024-01-13', 1),
(355, 11, 300, '2024-01-04', 1),
(356, 11, 376, '2024-01-04', 1),
(357, 6, 309, '2024-01-02', 1),
(358, 11, 320, '2024-01-08', 1),
(359, 11, 318, '2024-01-03', 1),
(360, 2, 365, '2024-01-10', 1),
(361, 7, 385, '2024-01-04', 1),
(362, 8, 449, '2024-01-11', 1),
(363, 11, 450, '2024-01-02', 1),
(364, 8, 345, '2024-01-11', 1),
(365, 3, 388, '2024-01-14', 1),
(366, 7, 426, '2024-01-13', 1),
(367, 6, 379, '2024-01-02', 1),
(368, 4, 355, '2024-01-10', 1),
(369, 9, 429, '2024-01-02', 1),
(370, 1, 382, '2024-01-13', 1),
(371, 7, 443, '2024-01-04', 1),
(372, 8, 351, '2024-01-06', 1),
(373, 7, 314, '2024-01-09', 1),
(374, 9, 419, '2024-01-10', 1),
(375, 5, 382, '2024-01-09', 1),
(376, 8, 373, '2024-01-15', 1),
(377, 9, 404, '2024-01-04', 1),
(378, 5, 419, '2024-01-01', 1),
(379, 1, 448, '2024-01-08', 1),
(380, 7, 301, '2024-01-01', 1),
(381, 9, 317, '2024-01-09', 1),
(382, 4, 447, '2024-01-12', 1),
(383, 10, 365, '2024-01-09', 1),
(384, 10, 449, '2024-01-09', 1),
(385, 8, 338, '2024-01-12', 1),
(386, 10, 338, '2024-01-02', 1),
(387, 7, 304, '2024-01-15', 1),
(388, 7, 323, '2024-01-12', 1),
(389, 6, 422, '2024-01-11', 1),
(390, 5, 363, '2024-01-03', 1),
(391, 8, 376, '2024-01-08', 1),
(392, 10, 372, '2024-01-11', 1),
(393, 8, 361, '2024-01-10', 1),
(394, 11, 402, '2024-01-14', 1),
(395, 10, 308, '2024-01-13', 1),
(396, 6, 389, '2024-01-07', 1),
(397, 11, 443, '2024-01-15', 1),
(398, 1, 365, '2024-01-10', 1),
(399, 9, 373, '2024-01-07', 1),
(400, 7, 405, '2024-01-10', 1),
(401, 8, 321, '2024-01-01', 1),
(402, 2, 334, '2024-01-01', 1),
(403, 8, 387, '2024-01-07', 1),
(404, 7, 344, '2024-01-06', 1),
(405, 9, 435, '2024-01-11', 1),
(406, 5, 309, '2024-01-04', 1),
(407, 7, 371, '2024-01-12', 1),
(408, 11, 382, '2024-01-09', 1),
(409, 10, 311, '2024-01-11', 1),
(410, 3, 426, '2024-01-13', 1),
(411, 10, 435, '2024-01-05', 1),
(412, 3, 448, '2024-01-02', 1),
(413, 6, 417, '2024-01-10', 1),
(414, 5, 427, '2024-01-02', 1),
(415, 11, 331, '2024-01-08', 1),
(416, 6, 433, '2024-01-13', 1),
(417, 4, 384, '2024-01-03', 1),
(418, 3, 343, '2024-01-07', 1),
(419, 11, 415, '2024-01-07', 1),
(420, 6, 323, '2024-01-01', 1),
(421, 7, 359, '2024-01-15', 1),
(422, 4, 441, '2024-01-09', 1),
(423, 7, 338, '2024-01-05', 1),
(424, 6, 379, '2024-01-09', 1),
(425, 7, 363, '2024-01-13', 1),
(426, 1, 320, '2024-01-11', 1),
(427, 10, 421, '2024-01-09', 1),
(428, 10, 421, '2024-01-03', 1),
(429, 6, 396, '2024-01-11', 1),
(430, 1, 302, '2024-01-06', 1),
(431, 2, 374, '2024-01-12', 1),
(432, 7, 407, '2024-01-04', 1),
(433, 9, 321, '2024-01-15', 1),
(434, 9, 308, '2024-01-12', 1),
(435, 5, 418, '2024-01-14', 1),
(436, 8, 404, '2024-01-01', 1),
(437, 5, 415, '2024-01-07', 1),
(438, 1, 344, '2024-01-07', 1),
(439, 3, 307, '2024-01-06', 1),
(440, 11, 381, '2024-01-08', 1),
(441, 9, 407, '2024-01-13', 1),
(442, 1, 444, '2024-01-15', 1),
(443, 1, 309, '2024-01-07', 1),
(444, 3, 380, '2024-01-13', 1),
(445, 1, 347, '2024-01-01', 1),
(446, 11, 349, '2024-01-05', 1),
(447, 4, 394, '2024-01-03', 1),
(448, 4, 333, '2024-01-12', 1),
(449, 3, 448, '2024-01-13', 1),
(450, 7, 388, '2024-01-12', 1),
(451, 3, 423, '2024-01-04', 1),
(452, 3, 334, '2024-01-04', 1),
(453, 10, 349, '2024-01-10', 1),
(454, 2, 361, '2024-01-14', 1),
(455, 3, 381, '2024-01-09', 1),
(456, 9, 355, '2024-01-06', 1),
(457, 4, 308, '2024-01-05', 1),
(458, 4, 300, '2024-01-01', 1),
(459, 2, 305, '2024-01-10', 1),
(460, 7, 376, '2024-01-12', 1),
(461, 3, 338, '2024-01-05', 1),
(462, 1, 332, '2024-01-11', 1),
(463, 9, 358, '2024-01-13', 1),
(464, 2, 415, '2024-01-06', 1),
(465, 8, 373, '2024-01-03', 1),
(466, 6, 337, '2024-01-03', 1),
(467, 4, 406, '2024-01-10', 1),
(468, 2, 318, '2024-01-09', 1),
(469, 5, 440, '2024-01-04', 1),
(470, 9, 425, '2024-01-06', 1),
(471, 11, 306, '2024-01-03', 1),
(472, 10, 327, '2024-01-10', 1),
(473, 3, 342, '2024-01-10', 1),
(474, 10, 405, '2024-01-08', 1),
(475, 9, 450, '2024-01-12', 1),
(476, 11, 349, '2024-01-10', 1),
(477, 6, 409, '2024-01-02', 1),
(478, 10, 384, '2024-01-13', 1),
(479, 11, 390, '2024-01-08', 1),
(480, 5, 310, '2024-01-13', 1),
(481, 4, 382, '2024-01-11', 1),
(482, 6, 308, '2024-01-04', 1),
(483, 5, 347, '2024-01-07', 1),
(484, 6, 351, '2024-01-04', 1),
(485, 2, 355, '2024-01-09', 1),
(486, 8, 413, '2024-01-15', 1),
(487, 1, 440, '2024-01-07', 1),
(488, 1, 379, '2024-01-06', 1),
(489, 9, 340, '2024-01-02', 1),
(490, 8, 345, '2024-01-03', 1),
(491, 7, 423, '2024-01-15', 1),
(492, 9, 398, '2024-01-10', 1),
(493, 10, 312, '2024-01-11', 1),
(494, 10, 351, '2024-01-05', 1),
(495, 3, 375, '2024-01-12', 1),
(496, 2, 320, '2024-01-08', 1),
(497, 8, 355, '2024-01-01', 1),
(498, 1, 408, '2024-01-11', 1),
(499, 9, 308, '2024-01-04', 1),
(500, 9, 377, '2024-01-09', 1),
(501, 7, 310, '2024-01-15', 1),
(502, 1, 337, '2024-01-10', 1),
(503, 5, 411, '2024-01-08', 1),
(504, 1, 444, '2024-01-08', 1);

--
-- Índices para tablas volcadas
--

--
-- Indices de la tabla `tbl_categorias`
--
ALTER TABLE `tbl_categorias`
  ADD PRIMARY KEY (`CAT_ID`);

--
-- Indices de la tabla `tbl_empleados`
--
ALTER TABLE `tbl_empleados`
  ADD PRIMARY KEY (`EMP_ID`);

--
-- Indices de la tabla `tbl_productos`
--
ALTER TABLE `tbl_productos`
  ADD PRIMARY KEY (`PROD_ID`);

--
-- Indices de la tabla `tbl_proveedor`
--
ALTER TABLE `tbl_proveedor`
  ADD PRIMARY KEY (`PROV_ID`);

--
-- Indices de la tabla `tbl_ventas`
--
ALTER TABLE `tbl_ventas`
  ADD PRIMARY KEY (`VENT_ID`);

--
-- AUTO_INCREMENT de las tablas volcadas
--

--
-- AUTO_INCREMENT de la tabla `tbl_categorias`
--
ALTER TABLE `tbl_categorias`
  MODIFY `CAT_ID` int(11) NOT NULL AUTO_INCREMENT, AUTO_INCREMENT=6;

--
-- AUTO_INCREMENT de la tabla `tbl_empleados`
--
ALTER TABLE `tbl_empleados`
  MODIFY `EMP_ID` int(11) NOT NULL AUTO_INCREMENT, AUTO_INCREMENT=12;

--
-- AUTO_INCREMENT de la tabla `tbl_productos`
--
ALTER TABLE `tbl_productos`
  MODIFY `PROD_ID` int(11) NOT NULL AUTO_INCREMENT, AUTO_INCREMENT=11;

--
-- AUTO_INCREMENT de la tabla `tbl_proveedor`
--
ALTER TABLE `tbl_proveedor`
  MODIFY `PROV_ID` int(11) NOT NULL AUTO_INCREMENT, AUTO_INCREMENT=5;

--
-- AUTO_INCREMENT de la tabla `tbl_ventas`
--
ALTER TABLE `tbl_ventas`
  MODIFY `VENT_ID` int(11) NOT NULL AUTO_INCREMENT, AUTO_INCREMENT=505;
COMMIT;

/*!40101 SET CHARACTER_SET_CLIENT=@OLD_CHARACTER_SET_CLIENT */;
/*!40101 SET CHARACTER_SET_RESULTS=@OLD_CHARACTER_SET_RESULTS */;
/*!40101 SET COLLATION_CONNECTION=@OLD_COLLATION_CONNECTION */;
